name,osm_id,latitude,longitude,accessible
Gare d'Houilles - Carrières sur Seine,{26742369},48.9203471,2.1854282,True
Sainte-Geneviève-des-Bois,{3484287068},48.653119,2.3132967,False
Le Stade,{90456140},48.9313958,2.2607295,False
Balard,{260231828},48.8363894,2.2784,True
GARE DE ST GERMAIN EN LAYE GRANDE CEINTURE,{2315855073},48.9030262,2.0729746,True
Sèvres - Ville d'Avray,{3571788993},48.8274256,2.2007149,False
Porte des Lilas,{264690368},48.8771276,2.4066804,True
Le Bourget,{15256287},48.9308053,2.4262059,False
Funiculaire Gare Haute,{3417692499},48.8856581,2.3425549,True
Porte de Saint-Cloud,{260767430},48.8377707,2.2565741,False
Us,{3571624298},49.0996212,1.9705457,False
VAUBAN,{3260069570},48.8071476,2.294042,True
Rosny-sur-Seine,{706197595},48.9973861,1.6301221,False
Jourdain,{264692522},48.8750969,2.3893345,False
Ségur,{261665825},48.8470802,2.3076354,False
Gretz-Armainvilliers,{331941535},48.7454489,2.7285636,False
CHATELET LES HALLES,{3190883103},48.8621487,2.3467922,True
La Grande-Paroisse,{195503010},48.3787751,2.8971614,False
SUZANNE LENGLEN,{318674781},48.8332631,2.2770251,True
PETIT PIERREFITTE,{2055931212},48.9526282,2.3580013,True
PORTE DE PANTIN - PARC DE LA VILLETTE,{1088638583},48.8890047,2.3956842,True
Louise Michel,{255162203},48.8882803,2.2884734,False
GARE DE NOISY LE SEC,{3580701493},48.8965358,2.4597443,True
PABLO NERUDA,{3349833171},48.9567618,2.3429559,True
Breuillet - Bruyères-le-Châtel,{3484326008},48.577426,2.1918832,False
HENRI FARMAN,{591810466},48.8347682,2.270721,True
Bueil,{26869582},48.9252787,1.4434407,False
Épluches,{186714652},49.0549329,2.1225973,False
Malesherbes,"{243510678, 818899103}",48.8828638,2.3092274,False
GEORGES BRASSENS,{1777319430},48.8298202,2.2956776,True
TIMBAUD,{1810231869},48.9327702,2.3012942,True
Nanteuil - Saâcy,{3497800893},48.9738082,3.2200172,False
Asnieres Gennevilliers Les Courtilles,{269337982},48.9305465,2.2836436,True
Bolivar,{243358029},48.8808997,2.373886,False
Campo-Formio,{265055750},48.8356584,2.3588519,False
Les Agnettes,{269337980},48.9231172,2.2862019,False
LES BEATUS,{2671357379},48.9517935,2.3198128,True
GARE D'ASNIERES,{27233097},48.905805,2.2828179,True
Lardy,{3484287064},48.520741,2.2555159,False
Concorde,{3763562357},48.8662052,2.3223767,False
GARE DE BOIS COLOMBES,{1545044391},48.9141353,2.27174,True
Vaux-sur-Seine,{3571235126},49.0071652,1.9635082,False
Temple,{243507792},48.8665083,2.3606199,False
BRIMBORION,{314640918},48.8221655,2.2313906,True
THEATRE GERARD PHILIPE,{2283276557},48.9375007,2.3504118,True
Porte Maillot,{2493410447},48.8779888,2.2817745,False
Créteil — Pointe du Lac,{928458344},48.7687211,2.4643844,False
LES PAVILLONS SOUS BOIS T4,{2845952939},48.9026648,2.5119616,True
Gare de Sannois,{2361279397},48.9701713,2.263833,True
Champagne-sur-Oise,{3580062296},49.136119,2.2430625,False
Enghien-Les-Bains,{57827506},48.9728942,2.3068825,False
Brochant,{261611884},48.890517,2.3201235,False
Paul Valéry,{1616874193},48.9792725,2.380158,True
PIERRE DE GEYTER,{2712192227},48.9320714,2.3526931,True
Ris-Orangis,{3533478899},48.6593057,2.4143688,False
Créteil — L'Échat (Hôpital Henri Mondor),{300867961},48.7963514,2.449235,False
Porte de Choisy,{472985883},48.8201086,2.3647992,True
Crécy-la-Chapelle,{3533202098},48.8594852,2.9059075,False
Juziers,{574274976},48.9922338,1.8457308,False
GARE DE CHATOU CROISSY,{231286269},48.8851789,2.1562111,True
Nucourt,{2281465765},49.1645883,1.849318,False
Boigneville,{3549779824},48.342078,2.3789793,False
GARE DE BONDY,{475659189},48.8940116,2.4805455,True
Esbly,{498749122},48.9032069,2.8106623,False
PORT ROYAL,{327432580},48.8399194,2.3370971,True
Saint-Quentin-en-Yvelines,{3530910105},48.7874524,2.0445253,False
GARE DE SEVRAN LIVRY,{15256273},48.9364157,2.5348345,True
Saint-Sébastien - Froissart,{264479724},48.8610965,2.3672267,False
Philippe Auguste,"{243490763, 2582044619}",48.8582563,2.3901666,False
Argentine,{27362240},48.8752564,2.2902302,False
GARE DE VERSAILLES RIVE DROITE,{3497429193},48.8095879,2.1357285,True
GARE DE CONFLANS STE HONORINE,{415577799},48.9965922,2.0977217,True
GARE DE FONTENAY AUX ROSES,{166004531},48.7876464,2.2922284,True
GARE DE PALAISEAU VILLEBON,{117933709},48.7076819,2.237149,True
Père Lachaise,{243490762},48.8629761,2.3873271,False
Mairie de Montreuil,{255160722},48.8625988,2.441569,False
Maison Blanche,{268467526},48.822501,2.3586582,False
Aéroport Orly Ouest,{83347724},48.7296445,2.3600059,True
Bobigny-Pantin (Raymond Queneau),{2490099593},48.8956037,2.4251032,False
STADE CHARLETY - PORTE DE GENTILLY,{1773421168},48.8194847,2.3457695,True
Corentin Cariou,{264776910},48.8947741,2.3825277,False
GEORGES MILLANDY,{3515798874},48.7834482,2.2308449,True
Breuillet - Village,{3484326009},48.5645094,2.1707596,False
Dupleix,{34909187},48.8504212,2.2936685,False
Chaponval,{186762859},49.0694825,2.1423781,False
COEUR D'ORLY,{1868729487},48.7290137,2.369914,True
Riquet,{264776028},48.8884812,2.3742226,False
GARE DES BOULLEREAUX CHAMPIGNY,{237931296},48.8248565,2.511885,True
Chemin Vert,{264479775},48.8575371,2.367997,False
Ménilmontant,{243490761},48.8663183,2.3836524,False
Champs-Élysées - Clemenceau,{282635141},48.8677518,2.3131104,False
Seugy,{3571827993},49.1189923,2.3989116,False
Bièvres,{3491814293},48.7511995,2.215449,False
GARE DE GAGNY,{1787031974},48.8837446,2.5254233,True
STADE GEO ANDRE,{2525792394},48.9243831,2.4020893,True
Nanterre-Université RER,{1116335802},48.9014106,2.2149325,False
Convention,{134305198},48.8373212,2.2966299,False
Bourron-Marlotte,{92782067},48.3326884,2.6924552,False
Saint-Maur Créteil - Sortie 1 rue Leroux,{1351349685},48.8061735,2.4724595,False
Sentier,{3430515272},48.8677105,2.3455628,False
FAUBOURG DE L'ARCHE,{2012508325},48.8967075,2.2400947,True
CESAR,{2671549119},48.9495156,2.3425115,True
LES MOBILES,{2712192223},48.9499551,2.3287373,True
Sèvres-Babylone,{261162833},48.8514587,2.3267159,False
GARE DE SEVRAN BEAUDOTTES,{3571816329},48.9475609,2.5247252,True
Buttes Chaumont,{243357000},48.8782117,2.3816608,False
Vernouillet - Verneuil-sur-Seine,{3571194893},48.9813713,1.9831325,False
Ourcq,{264772371},48.8869632,2.3867135,False
Massy-TGV,{3530841971},48.7258494,2.261353,False
Sèvres-Lecourbe,{1659843199},48.8456163,2.3095848,False
Moulin-Galant,{248037991},48.5862473,2.4734753,False
Ablon,{3484229324},48.7254534,2.4194543,False
Étampes,{2365866314},48.4369677,2.1594697,False
Javel - André Citroën,{264534424},48.8461892,2.2789975,False
Porte Dorée,{264482297},48.8354584,2.4063451,True
Ranelagh,{260767425},48.8555764,2.2702166,False
Gare de Cergy St Christophe,{2320446019},49.0496017,2.0346919,True
Parc Px,{481046183},49.0100659,2.5706567,True
Miromesnil,{260769652},48.8736768,2.3145456,False
EPINAY - ORGEMONT,{2712192580},48.9554603,2.2954174,True
Aéroport Charles de Gaulle 1,{225119903},49.0097687,2.5612836,False
Pyrénées,{264690372},48.8738469,2.3852526,False
Gare de Sartrouville,{26742372},48.9378067,2.1572739,True
Buzenval,{243486950},48.8518166,2.4013757,False
PYRAMIDES,{264494507},48.8658665,2.3343872,True
Thun-le-Paradis,{3571525910},49.0066957,1.9192196,False
Parc des Chanteraines,{670513810},48.9339222,2.3132449,True
ROUGEMONT CHANTELOUP,{252136683},48.9308682,2.5152436,True
Trilport,{3571632593},48.9602205,2.9495697,False
Pavé Blanc,{3515798875},48.780813,2.2400852,True
JACQUELINE AURIOL,{1915097335},48.9106351,2.2342274,True
Cité,{264514896},48.8552968,2.3475476,False
Ballancourt-sur-Essonne,{247800932},48.5321637,2.3711049,False
Place de Clichy,{243496027},48.8833916,2.3271828,False
Saint-Martin d'Étampes,{3484287066},48.4274675,2.1452675,False
Gazeran,{278482321},48.6259979,1.772002,False
LACEPEDE,{2712192224},48.9558873,2.3114997,True
Notre-Dame des Champs,{263499471},48.8452766,2.3286613,False
Auguste Delaune,{2285335352},48.9066597,2.4605016,True
Cormeilles-en-Parisis,{243844135},48.9683796,2.1936514,False
Porte de Vincennes,{27371900},48.8472979,2.408263,True
Marles-en-Brie,{1081912920},48.734481,2.8682533,False
GARE DE DRANCY,{331850678},48.9327015,2.4545327,True
GARE DE NEUILLY PLAISANCE,{3532759048},48.8533755,2.5138862,True
Solférino,{263497272},48.8586775,2.3231168,False
Pont Petit,{415558310},49.060385,2.1306548,False
GARE DE PARC DE SCEAUX,{3523946654},48.7704401,2.3101604,True
Gaîté,{264704365},48.8385876,2.3222085,False
Deuil - Montmagny,{2515585656},48.97593,2.3382926,False
Simplon,{264505993},48.8938084,2.3477393,False
Bretagne,{1883637798},48.7681563,2.3680137,True
ROGER SEMAT,{1616873768},48.9448473,2.3570159,True
Gare de Saint-Denis RER,{317531418},48.9360352,2.3461736,False
Gare Montparnasse 3 - Vaugirard,{942695829},48.8385604,2.3159707,False
Botzaris,{1997722983},48.8795817,2.3886032,False
Rue de la Pompe,{260767423},48.8640063,2.2780859,False
Pierrefitte - Stains,{3580040424},48.9639828,2.3722755,False
LES FAUVELLES,{2004497217},48.9027775,2.239542,True
Carrefour Pleyel,{313430306},48.9196049,2.3429933,False
MARYSE BASTIE,{2799009849},48.8243651,2.3776873,True
GARE DE SCEAUX,{166004551},48.781462,2.2974368,True
Couilly - Saint-Germain - Quincy,{1356735384},48.8830205,2.854057,False
Franklin D. Roosevelt,{27362251},48.8689234,2.3098108,False
Athis-Mons,{3484229325},48.712617,2.4036055,False
Porte de Saint-Ouen,{265060832},48.8973715,2.3289008,False
GARE D'EMERAINVILLE PONTAULT COMBAULT,{237931216},48.8061102,2.6184322,True
Herblay,{643430083},48.9902611,2.1619019,False
MONTSOURIS,{1773529788},48.8214912,2.3334117,True
GARE D'ERMONT EAUBONNE,{1903641987},48.980552,2.271356,True
Bagneaux-sur-Loing,{649772589},48.2304802,2.7033327,False
PETIT NOISY,{2285335350},48.9006193,2.4657332,True
Saint-Ambroise,{256895609},48.8610516,2.3747956,False
GARE DE ST DENIS,{2507487838},48.935061,2.3454394,True
Magny-en-Vexin,{2281465764},49.1595295,1.7930639,False
Héricy,{168753196},48.4424848,2.7605339,False
Méry sur Oise,{130206771},49.0577007,2.1910149,False
Vaires - Torcy,{3492939682},48.8751766,2.6376671,False
GARE DU NORD,{327613695},48.8808851,2.3573548,True
Boissise-le-Roi,{3390297768},48.5294351,2.5728421,False
Louis Blanc,{264775552},48.8813931,2.3656341,False
Bel-Air,{245455187},48.8413343,2.4008998,False
BUTTE PINSON,{1616874035},48.9736206,2.3660968,True
Marcel Sembat,{29588070},48.8336468,2.2435931,False
Mortcerf,{3530858969},48.7892191,2.9075554,False
Les Mureaux,{26742431},48.9924991,1.9132788,False
Gare d'Austerlitz,{3493828793},48.8423727,2.3656105,False
GARE ST LAZARE,{3533789791},48.87653,2.3252374,True
HELENE BOUCHER (ORLYTECH),{1883637801},48.7399463,2.3600613,True
Issy Val de Seine,{255687197},48.829592,2.2629779,True
Bois-le- Roi,{299810175},48.4755692,2.691948,False
CHEMIN DES RENIERS,{670512940},48.934591,2.3215237,True
PORTE D'ORLEANS,{220289379},48.8229245,2.3256357,True
Gare de Saint-Rémy-Lès-Chevreuse,{3530901974},48.7027301,2.0709126,True
Livry-sur-Seine,{168753082},48.5104579,2.6788796,False
Invalides,"{154788912, 1489806675, 264473695}",48.8628322,2.3138836,False
Pontoise,{2355666876},49.0467275,2.0951961,False
Chemin d'Antony,{3491814393},48.748143,2.3126207,False
Marcadet - Poissonniers,{1481147746},48.8915918,2.34967,False
Boulogne - Jean Jaurès,{264539964},48.8420002,2.2387333,False
PORTE D'ITALIE,{268467559},48.8191044,2.359701,True
Coulommiers,{1507332950},48.8077759,3.0821057,False
GARE DE MASSY PALAISEAU,{3555785349},48.7259781,2.2582963,True
Tacoignières - Richebourg,{3571566399},48.8294125,1.6689705,False
GARE DE POISSY,{26742679},48.9333161,2.0412201,True
Petit Jouy - Les Loges,{3497428793},48.771715,2.1470684,False
Marx Dormoy,{249335596},48.8905035,2.3598783,False
Bir-Hakeim,{338930214},48.8538982,2.2893959,False
Mouton-Duvernet,{220289385},48.8314103,2.3301279,False
MADELEINE,{264117312},48.8693906,2.3253852,True
Belloy-en-France - Saint-Martin-du-Tertre,{3533567366},49.0981066,2.3610627,False
Lizy-sur-Ourcq,{3533393415},49.0217902,3.0317956,False
Malakoff - Plateau de Vanves,{264717964},48.8225032,2.2984833,False
Croix de Chavaux,{255160720},48.857946,2.4357587,False
Robespierre,{256442845},48.8558145,2.4237108,False
Raspail,{220289389},48.8389167,2.3308053,False
VICTOR BASCH,{1616972582},48.9139284,2.2297142,True
Plaisir - Grignon,{206234964},48.8318511,1.9431974,False
Colonel Fabien,{243493916},48.8771779,2.3711152,False
GARE DE BOUFFEMONT MOISSELLES,{2513105223},49.0454398,2.3228306,True
Dugommier,{260762378},48.8389924,2.3896778,False
Taverny,{3571559293},49.0252507,2.2217049,False
Saint-Leu-la-Forêt,{415554481},49.015516,2.2425412,False
Pierre et Marie Curie,{472985885},48.8159011,2.3773455,False
Chars,{1910752704},49.1625154,1.9369407,False
Ledru-Rollin,{264480784},48.8511945,2.3759944,False
Rue des Boulets,{256443205},48.8525808,2.3887914,False
GARE DE BAGNEUX,{3328627275},48.7932411,2.3210038,True
GARE DE LA COURNEUVE AUBERVILLIERS,{327647338},48.9244564,2.386533,True
Parc des Expositions,{3580362707},48.9734231,2.5143675,False
Savigny-le-Temple - Nandy,{475552824},48.5955618,2.5839163,False
Porte de Versailles,{134305192},48.8326135,2.2884024,True
Châtillon Montrouge,{12388528},48.810815,2.3016518,True
Ponthierry Pringy,{248668008},48.5349663,2.5450384,False
Nanterre Université SNCF,{829658160},48.9016104,2.2149357,False
Jacques Bonsergent,{251387813},48.8710829,2.3606594,False
Fantasyland Station,{258856870},48.8746234,2.7735731,False
Crouy-sur-Ourcq,{3493845293},49.0917602,3.0631106,False
JEAN ROSTAND,{2285335368},48.9078496,2.4543566,True
GARE DE LA PLAINE STADE DE FRANCE,{317523448},48.9182399,2.3624012,True
Parmentier,{243507790},48.8653892,2.3739085,False
Les Ardoines,{1769544702},48.7829308,2.4090445,False
GARE DE BUSSY ST GEORGES,{3530856300},48.8366482,2.7098771,True
GARE DE VAL D EUROPE,{1059567460},48.8555432,2.7736418,True
Michel-Ange - Auteuil,{260767427},48.8480038,2.2641872,False
Avenue Henri Martin,{3493828593},48.8644077,2.272238,False
Bougival,{2504455992},48.8541856,2.1320976,False
LAMARTINE,{1883637818},48.7836685,2.3670905,True
MUSEE DE SEVRES,{27372996},48.8287506,2.2253263,True
Laumière,{264772256},48.8850187,2.3795672,False
Gravigny-Balizy,{3491814593},48.6853911,2.3177995,False
Brunoy,{575955254},48.6990338,2.5066895,False
GARE D'AULNAY SOUS BOIS,{15256281},48.9322068,2.4950402,True
PORTE D'AUBERVILLIERS,{2799009857},48.898598,2.3690499,True
Liège,{331514770},48.8795976,2.3270787,False
Marolles-en-Hurepoix,{3484287065},48.5651268,2.2909455,False
Bréval,{703457519},48.9434591,1.54176,False
GARE DU VESINET LE PECQ,{286909340},48.8982337,2.121941,True
Alma-Marceau,{260769132},48.8649686,2.3006256,False
Le Kremlin-Bicêtre,{318537042},48.810328,2.3622359,False
GARE D'EPINAY SUR SEINE,{2671357416},48.9558012,2.3016789,True
Mormant,{1235711698},48.6136592,2.8889299,False
HAUSSMANN ST LAZARE,{329974475},48.8747218,2.3271274,True
Mairie des Lilas,{264795933},48.8798096,2.4170873,False
Passy,{260765390},48.8573825,2.2859234,False
GARE DU VAL D'OR,{2504455995},48.8567128,2.2165482,True
Chardon Lagache,{264537727},48.845267,2.2672606,False
Corvisart,{235370505},48.8297785,2.3504704,False
Gallieni,{243507233},48.8652545,2.4166605,False
Bobigny - Pablo Picasso,{1771632724},48.9064052,2.4491919,True
Ménerville,{1625785887},48.966513,1.6009476,False
CITE UNIVERSITAIRE,{2656855599},48.8205877,2.3390071,True
Cité Universitaire,{1773529787},48.8203321,2.3386615,True
SURESNES - LONGCHAMP,{318535794},48.8682976,2.221418,True
Survilliers - Fosses,{331938436},49.0995663,2.5255044,False
MEUDON SUR SEINE,{210545408},48.8191867,2.2391994,True
Longjumeau,{3491814395},48.7021485,2.2944841,False
GARE DE CRETEIL POMPADOUR,{3496469996},48.7715403,2.4352763,True
Éragny - Neuville-sur-Oise,{392511580},49.0180904,2.0906339,False
Pont Neuf,{264784170},48.8585643,2.3425634,False
Longueville,{3530709630},48.5134785,3.2504017,False
GARE DE BLANC MESNIL,{331997723},48.9323764,2.4773723,True
GARE DU GUICHET,{152529245},48.7049445,2.1917178,True
GARE DE LYON,{26824135},48.8448369,2.3734794,True
MONTEMPOIVRE,{1958615136},48.8398338,2.4088667,True
Faidherbe — Chaligny,{264481019},48.8500259,2.3842705,False
Montgeroult - Courcelles,{3580917693},49.0805828,2.0034959,False
Maisons-Alfort — Les Juilliottes,{300870034},48.8024711,2.4466949,False
Villejuif-Louis Aragon,{318536848},48.7869402,2.3673857,True
Neuilly - Porte Maillot,{3580789992},48.8780667,2.2846161,False
République,{3197007911},48.8676132,2.3637961,False
Juvisy-sur-Orge,{3484229326},48.6901705,2.3837241,False
Saint-Denis - Porte de Paris,{2671553022},48.9298329,2.3573312,False
Notre-Dame de Lorette,{264495078},48.8760654,2.3385532,False
Beynes,{699691240},48.8593963,1.8757748,False
GARE MONTPARNASSE,{65331500},48.8400624,2.3191085,True
Gabriel Péri,{249524554},48.9162246,2.2948689,False
GARE DE LA HACQUINIERE,{246806932},48.6949696,2.1526331,True
Sèvres - Rive Gauche,{3530939200},48.8212245,2.2149014,False
Luxembourg,{327432589},48.84638,2.3402926,False
Choisy-le-Roi,{1573489397},48.7643737,2.4112139,False
REMISE A JORELLE,{475659184},48.8931,2.4877773,True
Mennecy,{409099263},48.5710339,2.433119,False
Épinay-sur-Orge,{3484229331},48.6693334,2.3318791,False
Libération,{317494454},48.9069335,2.4385726,True
Achères-Grand Cormier,{26742385},48.9552489,2.09262,False
LA DEFENSE,{3586000197},48.8930846,2.2376319,True
Fort d'Aubervilliers,{270244435},48.9142573,2.4038072,False
Avenue Foch,{3493828493},48.870971,2.2756167,False
GARE DE BOISSY ST LEGER,{1789920402},48.7530368,2.5052633,True
GARE DE MARNE LA VALLEE CHESSY,{269296749},48.8702676,2.7829566,True
Ermont Halte,{415554210},48.9899263,2.2634012,False
MARIE DE MIRIBEL,{2799009845},48.8587125,2.409689,True
GARE DE RAMBOUILLET,{3533697024},48.6437409,1.8321116,True
Odéon,{260079008},48.8522912,2.3393735,False
Rue du Bac,{264495553},48.8557241,2.3256659,False
Censier - Daubenton,{264789025},48.8406473,2.3519334,False
GARE DE LUZARCHES,{415313667},49.117305,2.4205557,True
Assemblée Nationale,{263497271},48.860697,2.3210551,False
Changis Saint-Jean,{27507428},48.959166,3.0252459,False
Anvers,{3417692493},48.8828803,2.3442565,False
La Frette Montigny,{440340397},48.9802826,2.1799847,False
Viry-Châtillon,{3546693395},48.6762115,2.3866258,False
Iéna,{260767422},48.8646725,2.2937783,False
GARE DE NOISIEL,{299462418},48.8434831,2.6163935,True
Malakoff - Rue Étienne Dolet,{12388534},48.8153367,2.2970255,False
PLACE DE LA LOGISTIQUE (PLATEFORME SOGARIS),{1806109260},48.7523925,2.3610206,True
LA FERME,{2283276596},48.9096771,2.4374886,True
Les Vallées,{89161291},48.91357,2.2580085,False
Villeneuve-le-Roi,{3531059276},48.7398541,2.4263833,False
ST MICHEL NOTRE DAME,{3572156993},48.8534806,2.3454363,True
HOTEL DE VILLE DE BOBIGNY,{2485365934},48.9065183,2.4439977,True
Dewoitine,{2954497389},48.7829906,2.2130125,True
COLETTE BESSON,{2799009823},48.8984864,2.3636518,True
BLUMENTHAL,{2671357389},48.9474349,2.3409067,True
Richelieu Drouot,{256897080},48.872009,2.3397571,False
Glacière,{235370184},48.8311288,2.3434842,False
Porte de Clichy,"{261611873, 3530939197}",48.893964,2.3144204,False
GARE DE BRY SUR MARNE,{195306171},48.8446359,2.5261501,True
Robert Wagner,{1724286162},48.7850087,2.1788055,True
GARE DE PUTEAUX,{318536431},48.8832604,2.2338074,True
Péreire,{243510680},48.8846696,2.2989738,False
Grands Boulevards,{256897079},48.8715206,2.3432861,False
GARE DE FONTENAY SOUS BOIS,{241929128},48.8437078,2.4637379,True
Sainte-Colombe Septveilles,{2704522219},48.5293703,3.2557676,False
Le Vert de Maisons,{26824343},48.7882986,2.4321634,False
ROBERT SCHUMAN (PARC SILIC CENTRE),{1883637791},48.7460606,2.3532625,True
Oberkampf,{256896059},48.8641314,2.3695694,False
Les Grésillons,{305117676},48.9204523,2.3140268,False
Les Gobelins,{264790337},48.8356445,2.3527513,False
GARE DE VINCENNES,{1730998187},48.8473177,2.4334904,True
Mairie de Saint-Ouen,"{3530939195, 313428413}",48.9118944,2.3339725,False
Essonnes Robinson,{248052158},48.6056156,2.4626195,False
Tuileries,{27362258},48.864495,2.3296183,False
PAUL ELUARD,{3349805105},48.9398833,2.3452167,True
Alésia,{220289382},48.8280754,2.326927,False
Saint-Ouen-l'Aumône Quartier de l'Église,{415558681},49.0396846,2.1037387,False
GARE DE GENNEVILLIERS,{90674268},48.9336959,2.3075627,True
Hoche,{264772862},48.891198,2.4025577,False
BUTTE DU CHAPEAU ROUGE,{2799009807},48.8850451,2.3967465,True
Auvers-sur-Oise,{186762866},49.0704674,2.1753597,False
Pré Saint-Gervais,{264794353},48.8799166,2.3990372,False
Fontaine-le-Port,{168753147},48.4871358,2.7514043,False
Pont de Sèvres,{370455978},48.8296613,2.2308732,False
GARE DE ST GERMAIN EN LAYE,{87360108},48.8985657,2.0950158,True
GARE D'ORSAY VILLE,{117982553},48.6976144,2.1817799,True
Villaines-sous-Bois,{3549746249},49.0798273,2.3513736,False
Andrésy,{469751077},48.9748827,2.0492318,False
Marly-le-Roi,{2504455997},48.8715633,2.0965744,False
Alexandre Dumas,{243490764},48.8559463,2.3950128,False
Saint-Ouen,"{267384718, 3530939199}",48.9051552,2.3225929,False
Paris-Austerlitz,{3419908160},48.8415957,2.3659926,False
GARE DE BOURG LA REINE,{1039322015},48.7803647,2.3123769,True
Le Raincy — Villemomble — Montfermeil,{27507095},48.888951,2.5129214,False
GARE DE NANTERRE VILLE,{2583127521},48.8954546,2.1963555,True
JONCHEROLLES,{3008852306},48.9556135,2.3583492,True
Rennes,{263499468},48.8481026,2.3277965,False
Villiers,{243496029},48.8811421,2.3149026,False
Montry - Condé-Sainte-Libiaire,{3533225824},48.8908268,2.8262345,False
Saint-Cyr,{3535138452},48.7988184,2.0733739,False
PONT GARIGLIANO - HOPITAL EUROPEEN GEORGE POMPIDOU,{3574677130},48.8393018,2.2706619,True
Funiculaire Gare Basse,{3417692497},48.8846923,2.3426644,True
Monnerville,{3491814893},48.3484915,2.0320595,False
Front Populaire,{2075538669},48.9068701,2.3657737,False
HOPITAL AVICENNE,{2283276577},48.9158206,2.4249558,True
SAARINEN (PARC SILIC NORD),{1883637815},48.7500475,2.3542986,True
Meaux,{27507375},48.9573507,2.8735184,False
Aéroport CDG Terminal 1,{481046181},49.0132617,2.5420903,True
Porte de Champerret,{243510681},48.8857297,2.2934235,False
Issy,{3491814694},48.8199381,2.2593442,False
HOPITAL ROBERT DEBRE,{2799009836},48.8794405,2.4012509,True
GUYNEMER,{1616873805},48.9481751,2.3574853,True
Pasteur,{260764273},48.8429457,2.3126019,False
Charles Michels,{264534423},48.846483,2.2858855,False
Saint-Ouen-l'Aumône Liesse,{3497428394},49.0340228,2.1282575,False
Villejuif - Paul Vaillant Couturier,{318536943},48.7960877,2.3683672,False
BERCY,{260762540},48.8401549,2.3799474,True
CHARLEBOURG,{1411497615},48.9076596,2.238314,True
GARE DE MAREIL MARLY,{2670874946},48.8807466,2.0790676,True
Les-Essarts-le-Roi,{3533740612},48.7218401,1.8900504,False
Aubergenville-Élisabethville,{26742430},48.9720898,1.8481688,False
GARE DE LOZERE,{117933819},48.7060013,2.2116884,True
Saint-Michel,{264515098},48.8533267,2.3434941,False
Quai de la Rapée,{3419908164},48.8464943,2.3658953,False
Strasbourg - Saint-Denis,{256897077},48.8694348,2.3544699,False
Frontierland Depot,{258856858},48.8701941,2.7721388,False
Étienne Marcel,{264509793},48.8639893,2.3498782,False
GARE DE TOURNAN,{331941692},48.739528,2.7587137,True
Nointel - Mours,{415311516},49.1325941,2.2805227,False
Blanche,{243496025},48.8834533,2.3336155,False
Léchelle,{1809984425},48.5800343,3.3836282,False
Avenue du Président Kennedy,{2355666875},48.8535755,2.2795901,False
MAGENTA,{329974472},48.8800561,2.3581041,True
DOMAINE CHERIOUX,{1883637776},48.7785412,2.3673891,True
LA NOUE,{764414106},48.9349884,2.3271349,True
Fontenay-le-Fleury,{206234961},48.8072796,2.0407382,False
Petit Vaux,{3491814697},48.6762461,2.3333891,False
Rome,{243496028},48.8824462,2.322122,False
Plaisance,{264712432},48.8317799,2.3140252,False
Fontainebleau-Avon,{168819272},48.4162352,2.7263814,False
LE LUTH,{1810231876},48.9318565,2.2888637,True
Orgerus - Béhoust,{3580665804},48.8266611,1.7027791,False
Boutigny,{339888038},48.4348564,2.3762291,False
Saint-Mammès,{432455175},48.3822798,2.8157987,False
Anatole France,{255000799},48.8921077,2.2852229,False
Montgallet,{264481854},48.844271,2.3901179,False
Igny,{3491814693},48.7400543,2.2309656,False
Olympiades,{264491193},48.8269104,2.3661972,True
ALEXANDRA DAVID-NEEL,{1958615115},48.8438315,2.4101599,True
GARE DE CHAVILLE RIVE DROITE,{96507065},48.8122139,2.1878384,True
GARE DE MAISONS LAFFITTE,{315059834},48.9458096,2.1445481,True
Saint-Chéron,{3484326012},48.5511055,2.125734,False
Lourmel,{260231831},48.838745,2.2821427,False
Guillerval,{2987571732},48.3744455,2.0598748,False
Réaumur - Sébastopol,{243507794},48.8662606,2.3524641,False
GARE DE GROSLAY,{2515585657},48.9843583,2.3535023,True
Issou-Porcheville,{601623098},48.9792916,1.7839806,False
Le Plessis-Chenet - IBM,{772545201},48.5735652,2.479586,False
Vosves,{3546652789},48.5151115,2.5991469,False
GARE DE CHENAY GAGNY,{319209149},48.8771405,2.5531493,True
Maurice Lachâtre,{2283276387},48.9191701,2.4137942,True
Compans,{2279594706},48.9915767,2.6652718,False
La Barre-Ormesson,{57836761},48.9662218,2.3167101,False
Cardinal Lemoine,{260078615},48.8465082,2.3517283,False
Le Bras-de-Fer - Evry - Génopole,{292422755},48.6232324,2.4507665,False
Télégraphe,{264690370},48.8754657,2.3990396,False
Gare de l'Abbaye,{317555839},48.9222088,2.5167223,True
GARE DE ST CLOUD,{1302120644},48.8461656,2.2176612,True
Poissonnière,{264775805},48.8772578,2.3494253,False
Pont de Rungis Aéroport d'Orly,{3531059798},48.7481834,2.3728756,False
BAUDELAIRE,{2055926248},48.9423184,2.3567614,True
Hôpital Delafontaine,{2283276515},48.9335752,2.3710811,True
Palais Royal - Musée du Louvre,{27362259},48.8623571,2.3363001,False
Jouy-en-Josas,{3497428294},48.7647766,2.1635389,False
Clamart,{231563348},48.8141602,2.2748173,False
Pont de Levallois – Bécon,{255161921},48.8971408,2.2803973,False
Pont de l'Alma,{3414141480},48.8625032,2.2999987,False
Félix Faure,{260231833},48.8426906,2.2917758,False
Chamarande,{3432753244},48.5143361,2.2156384,False
Mériel,{415556513},49.0777813,2.2054788,False
Meudon Val Fleury,{3491814396},48.8078655,2.2411843,False
Couronnes,{243493846},48.8696313,2.3797364,False
Avenue Émile Zola,{261666122},48.8470463,2.2953101,False
Gare du Nord (métro),{264508125},48.8795699,2.3571457,False
GARE DE ROISSY EN BRIE,{3572309768},48.7956548,2.6503626,True
École Militaire,{264469541},48.8546428,2.3061015,False
Le Peletier,{264780946},48.8749279,2.3403636,False
Mairie d'Ivry,{472985886},48.8109896,2.3839963,False
LES FLANADES,{1616874072},48.9766078,2.3775631,True
Varenne,{245250759},48.8568058,2.3151577,False
Mail de la Plaine,{3645921533},48.7837298,2.2470754,True
Villiers-Montbarbin,{3533219867},48.8632544,2.8830418,False
Église de Pantin,{330026020},48.8932382,2.4133209,False
Boulogne - Pont de Saint-Cloud,{264541617},48.840669,2.2287175,False
Boulainvilliers,{267619085},48.8565598,2.275157,False
Falguière,{244494496},48.8443954,2.3175634,False
Villennes-Sur-Seine,{3547294172},48.9394178,1.9995709,False
ADRIENNE BOLLAND,{2799009797},48.8720947,2.4086247,True
Pierrelaye,{3497428993},49.0194628,2.1535625,False
Discoveryland Station,{258856876},48.874721,2.7794141,False
Aéroport CDG Terminal 2 TGV,{225119209},49.0040395,2.5711302,True
Quatre Septembre,{243510335},48.8695654,2.3367072,False
La Tour Maubourg,{264473011},48.8575837,2.3102891,False
Ivry-sur-Seine,{3530983828},48.8144007,2.3911273,False
Cambronne,{34909171},48.8475338,2.3029524,False
GARE DE COURCELLE SUR YVETTE,{117982636},48.7008969,2.0990597,True
Buno - Gironville,{247381699},48.370847,2.3871153,False
Cluny - La Sorbonne,{260078622},48.8510293,2.344848,False
Richard Lenoir,{264769297},48.8602039,2.3721323,False
Michel-Ange - Molitor,{260767428},48.8452505,2.2618802,False
Volontaires,{244494489},48.8415118,2.308012,False
Vanves Malakoff,{30248710},48.8183175,2.292068,False
Pigalle,{243496024},48.8823909,2.3371469,False
La Chapelle,{3417692501},48.8844068,2.3603057,False
Guérard - La Celle-sur-Morin,{1223661113},48.8104896,2.9546058,False
Isles - Armentières - Congis,{251137389},48.9980994,3.0072998,False
GARE DES BACONNETS,{201840383},48.7395933,2.287414,True
LA BELLE EPINE,{1806109258},48.7558771,2.3684946,True
COSMONAUTES,{2283276478},48.9317159,2.3782024,True
Écouen — Ézanville,{2515586521},49.0229548,2.3626417,False
Vauboyen,{3497428395},48.7591621,2.1922024,False
Montigny-sur-Loing,{803840004},48.336466,2.738544,False
Les Yvris Noisy-le-Grand,{237931246},48.8230136,2.5801235,False
Gare des Coquetiers,{252133924},48.8924913,2.4993898,True
PORTE DE VANVES,{1775401613},48.8274136,2.3066496,True
Le Mée-sur-Seine,{475559855},48.5385843,2.6257568,False
Les Halles,{264513655},48.8625595,2.345685,False
Javel,{2489972624},48.8465081,2.2771499,False
GARE DE ROBINSON,{1039320594},48.7800909,2.2812665,True
Val-de-Fontenay (RER A),{1327390732},48.8537309,2.4881247,False
Courbevoie,{295442702},48.8983316,2.2485284,False
Havre - Caumartin,{243510337},48.8736792,2.3273189,False
Filles du Calvaire,{264476971},48.8633194,2.3666124,False
GARE DE NOGENT LE PERREUX,{319204524},48.8390089,2.4942347,True
Boucicaut,{260231832},48.8410837,2.2879218,False
Avron,{243489718},48.852024,2.3980153,False
Monceau,{243496030},48.8802693,2.3085936,False
Stalingrad,{235377792},48.884287,2.3659442,False
L'ILE ST DENIS,{1810234531},48.9357361,2.3394701,True
Pont de Bezons,{2012508337},48.9231343,2.2176095,True
Saint-Ouen-l'Aumône,{1524902066},49.0453009,2.1059469,False
Gambetta,{243507235},48.8650099,2.3985193,False
GARE DE NOISY LE GRAND MONT D'EST,{239822735},48.8407958,2.5477591,True
GARE DU VESINET CENTRE,{1806123617},48.8900879,2.1345954,True
Chevaleret,{235371395},48.8349549,2.3680817,False
Créteil — Préfecture (Hôtel de Ville),{300869641},48.7797556,2.4594504,False
Crimée,{264776029},48.8908513,2.3773681,False
JACQUES HENRI LARTIGUE,{1094878229},48.8247756,2.2605181,True
Belleville,{243493845},48.8720463,2.3769849,False
GARE DE NEUVILLE UNIVERSITE,{2320446021},49.0142697,2.0782873,True
Bonnières-sur-Seine,{537989902},49.0387663,1.5815375,False
Michel Bizot,{264482226},48.8371074,2.4024837,False
AUGUSTE PERRET (CIMETIERE PARISIEN),{1805209483},48.7633306,2.3676836,True
MAIRIE DE PIERREFITTE,{1616873943},48.9633642,2.3599441,True
Arts et Métiers,{243507793},48.8654079,2.3560793,False
Lamarck - Caulaincourt,{264505153},48.8898183,2.3386296,False
Gare de Cergy le Haut,{2320446017},49.0487859,2.0123707,True
L'Isle Adam-Parmain,{593771383},49.1148174,2.2099116,False
Gare de Gennevilliers,{670513806},48.9334134,2.3068344,False
GARE DE TORCY MARNE LA VALLEE,{245282439},48.839553,2.6543891,True
La Muette,{260767424},48.8580816,2.2741958,False
Franconville - Le Plessis-Bouchard,{369875679},48.9934276,2.2350311,False
ROSA PARKS,{2799009880},48.8975528,2.3733886,True
Louvois,{2954511079},48.7799876,2.1976772,True
Saint-Augustin,{256897554},48.874703,2.3197963,False
Villejuif - Léo Lagrange,{318536832},48.8051317,2.3637903,False
Villeneuve-Saint-Georges,{3547487166},48.7301252,2.4462682,False
Villepreux - Les Clayes,{206234962},48.8238652,1.9927131,False
Pont Marie,{264785952},48.8538938,2.3566663,False
Coignières,{3533749633},48.7437052,1.9211804,False
Noisy le Sec RER,"{2285335365, 2285335326}",48.8958955,2.4603648,False
Maisse,{247381687},48.3936669,2.3934698,False
NATION,{241928557},48.8480576,2.3960523,True
Saint-Placide,{264520061},48.847086,2.3270843,False
Melun,{248812250},48.5276049,2.65549,False
George V,{27362249},48.8719444,2.3005832,False
Saint-Germain-des-Prés,{264519782},48.8533322,2.3346678,False
Gare de l'Est,"{264508548, 2506241285}",48.8762027,2.3579127,False
GARE DE COLOMBES,{91751890},48.9236659,2.259601,True
Sully - Morland,{264785951},48.8514519,2.361914,False
Moret-sur-Loing - Veneux-les-Sablons,{3484650202},48.3784243,2.7991245,False
Péreire Levallois,{3493829093},48.8853581,2.2979465,False
Rosny - Bois-Perrier,{243050251},48.8825092,2.4812324,False
GARE DE MITRY CLAYE,{3580945699},48.9758874,2.642312,True
La Celle-Saint-Cloud,{2504455994},48.8426832,2.1381459,False
Argenteuil,{94575834},48.9469244,2.2575643,False
Étréchy,{3484287069},48.4936692,2.1945652,False
Plaisir - Les Clayes,{3580008993},48.8308876,1.960045,False
Vernou-la-Celle-sur-Seine,{3571215393},48.3864547,2.8424649,False
PARC DE ST CLOUD,{1370384292},48.843015,2.221779,True
Arpajon,{3484326007},48.5860031,2.2411493,False
Villiers-le-Bel - Gonesse - Arnouville,{3546795888},48.9939835,2.4164866,False
Mairie d'Issy,{134299001},48.8242325,2.2730847,False
GARE DE RUEIL MALMAISON,{370833762},48.887235,2.1715571,True
JEAN VILAR,{2712192274},48.951734,2.3430223,True
PORTE DE THIAIS (MARCHE INTERNATIONAL),{1805209450},48.7595189,2.3661292,True
Maisons-Alfort - Alfortville,{3531015276},48.8020392,2.4265601,False
MEUDON LA FORET,{52648435},48.7834346,2.2253169,True
Bibliothèque François Mitterrand,{3325110405},48.8297207,2.3770491,True
Chanteloup-les-Vignes,{257687866},48.970356,2.0276064,False
Bourse,"{983538029, 243510334, 983538053}",48.8686067,2.3415416,False
Maurecourt,{470312770},48.9869103,2.0597352,False
GARE DE LA CROIX DE BERNY FRESNES,{3521306585},48.7624762,2.3046232,True
Boussy-Saint-Antoine,{475558621},48.6809459,2.5329132,False
Reuilly — Diderot,{27371892},48.8473551,2.3866576,False
GARE DE GARGES SARCELLES,{281747472},48.9766899,2.3906474,True
GARE DE GARGAN,{252136190},48.9078575,2.5168614,True
Baron Le Roy,{2094055759},48.8303724,2.3933647,True
Georges Pompidou,{1863194053},48.7848877,2.2371371,True
ST DENIS - PORTE DE PARIS,{331523267},48.9301278,2.3563841,True
GARE DE GENTILLY,{1333685615},48.8153713,2.3408362,True
Combs-la-Ville - Quincy,{475558623},48.6675439,2.5478602,False
GARE DE CONFLANS FIN D OISE,{415577923},48.9919592,2.0750611,True
Mirabeau,{264538576},48.8468038,2.2717155,False
Église d'Auteuil,{264534683},48.8473202,2.2686743,False
Saint-Michel-sur-Orge,{3484287067},48.6357648,2.3067751,False
DRANCY AVENIR,{2283276595},48.9177903,2.4176934,True
Cœur d'Orly,{2680393665},48.7336414,2.3716022,False
PORTE DE MONTREUIL,{256442276},48.8534759,2.4105242,True
Château de Vincennes,{241928757},48.8444696,2.4398829,False
Tolbiac,{268467197},48.8261176,2.3575252,False
AVENUE DE FRANCE,{2799009802},48.8255509,2.3811107,True
Saint-Mandé,{243487863},48.8463309,2.4190317,False
Daumesnil,{260762379},48.8395253,2.3958919,False
GARE DE VAL DE FONTENAY,{319204791},48.8541841,2.4892001,True
GARE D'ARCUEIL CACHAN,{100295884},48.7986051,2.3281001,True
Yerres,{3484229328},48.7065517,2.4834728,False
GARE DE GIF SUR YVETTE,{117982604},48.6981859,2.1367431,True
Saint-Jacques,{235369898},48.8330168,2.3366295,False
Vitry sur Seine,{3531009091},48.8006088,2.4024623,False
GARE DE CHELLES GOURNAY,{1851623288},48.874144,2.5827315,True
Louvre — Rivoli,{27362260},48.8608572,2.340968,False
Edgar Quinet,{260763474},48.8410654,2.3249923,False
L'ONDE,{3516005265},48.782059,2.1800868,True
Abbesses,{264505115},48.884476,2.3384377,False
GARE DE VILLEPARISIS MITRY LE NEUF,{3547286137},48.9530327,2.6025846,True
Épône-Mézières,{26742419},48.9633676,1.8091646,False
Saint-Philippe du Roule,{260769651},48.8723362,2.3100827,False
Maisons-Alfort — Stade,{300870186},48.8090371,2.4347211,False
Chaussée d'Antin - La Fayette,{256897458},48.8730354,2.333474,False
Vaucelles,{3571312793},49.0217788,2.2293496,False
Guy Môquet,{265060052},48.8927063,2.3274728,False
Saint-Marcel,{265055434},48.8382823,2.3608293,False
Saint-Fargeau,"{248667980, 264796181}",48.5644973,2.5426572,False
Champagne-sur-Seine,{103750380},48.4066385,2.7992931,False
DIVISION LECLERC,{3260903162},48.794443,2.2726199,True
INOVEL PARC NORD,{2954506761},48.7807765,2.207746,True
GARE DE VAL D ARGENTEUIL,{3571598017},48.9504598,2.2314608,True
Corentin Celton,{134299013},48.8270162,2.2794048,False
Bonne Nouvelle,{256897078},48.8706004,2.3487793,False
Orly Ville,{3531047716},48.7417664,2.4029,False
Chilly-Mazarin,{3491814394},48.7005628,2.308248,False
Trocadéro,{260765389},48.8630266,2.2870524,False
CHARLES DE GAULLE ETOILE,{243496033},48.8743566,2.2955149,True
Mouroux,{1258712254},48.8139949,3.0423421,False
Liberté,{264482296},48.8266498,2.4057278,False
CIMETIERE DE ST DENIS,{2283276642},48.9362457,2.3640076,True
CAROLINE AIGLE (ORLYFRET),{2680393667},48.7385708,2.3698978,True
Lieusaint - Moissy,{3458211393},48.6283993,2.5696586,False
Paris-Bercy,{1823210835},48.8391417,2.3827712,False
GARE DE GARCHES MARNES LA COQUETTE,{415276337},48.8382654,2.1868165,True
CANAL SAINT DENIS,{2799009814},48.898735,2.3805104,True
École Vétérinaire de Maisons-Alfort,{300876896},48.815077,2.421774,False
LA COURNEUVE HOTEL DE VILLE,{317532553},48.9273439,2.3925113,True
Les Clairières de Verneuil,{415582606},48.9926853,1.9555439,False
PORTE DE BAGNOLET,{243507234},48.8645515,2.4088118,True
SUZANNE VALADON,{1616873889},48.959119,2.3587412,True
Pont de Neuilly,{3148750837},48.8849431,2.2599157,False
Les Lochères,{2055958469},48.9785164,2.3849846,True
Thieux - Nantouillet,{343731914},49.0084346,2.6805271,False
LES CHOLETTES,{1616874104},48.9774873,2.3721883,True
Faremoutiers - Pommeuse,{1237655818},48.8085992,2.9932281,False
Place Monge,{264786014},48.8429053,2.3522772,False
SOLEIL LEVANT,{1986410281},48.7902343,2.2632381,True
Boissière,{260765387},48.8669099,2.2902715,False
Viroflay Rive Gauche,{3497428296},48.8007247,2.1712895,False
Châtelet,{27371862},48.8587782,2.3474106,True
Saint-Denis - Gare,{2712192221},48.9358142,2.3470745,False
GARE DE MASSY VERRIERES,{3491814695},48.7347347,2.2732658,True
COUR ST EMILION,{3146958064},48.8334522,2.385662,True
GARE D'ANTONY,{3530835622},48.7549273,2.3009651,True
Corbeil-Essonnes,{247313295},48.6141194,2.4738942,False
Bruyères-sur-Oise,{415310561},49.1552098,2.3259636,False
Hôtel de Ville,{27371864},48.8575436,2.3515947,False
Provins,{2025263372},48.5556114,3.3029024,False
Vulaines-sur-Seine - Samoreau,{3546650614},48.4305468,2.7531008,False
Jules Joffrin,{264505450},48.8924388,2.3446575,False
ROSE BERTIN,{2712192225},48.9531223,2.315503,True
Les Noues,{198022375},49.0323514,2.4765282,False
PARC PIERRE LAGRAVERE,{1411499325},48.9178366,2.2243579,True
Charonne,{256443438},48.8547441,2.3853565,False
VILLETANEUSE-UNIVERSITE,{1618816678},48.9591288,2.3419336,True
Victor Hugo,{243496728},48.8696886,2.2853914,False
Nézel - Aulnay-sur-Mauldre,{3580748293},48.9387638,1.8405298,False
ESCADRILLE NORMANDIE - NIEMEN,{2283276383},48.9126667,2.4353885,True
GARE DE PALAISEAU,{253868629},48.7178575,2.2464627,True
GARE DE CLICHY LEVALLOIS,{27233126},48.8970901,2.298139,True
Jussieu,{260040968},48.8459858,2.3551112,False
Dourdan,{3739297394},48.5335471,2.0098454,False
Gare Allée de la Tour Rendez-Vous,{252606513},48.897132,2.5064295,True
La Motte-Picquet - Grenelle,{34909170},48.8487832,2.2988351,False
Château Landon,{326309672},48.8788951,2.3624612,False
Commerce,{264469160},48.8446967,2.2937668,False
GARE DE MANTES LA JOLIE,{1729433458},48.9893524,1.7030144,True
Trinité d'Estienne d'Orves,{264495077},48.8763705,2.332631,False
Cesson,{616362186},48.5655032,2.5942856,False
Savigny-sur-Orge,{3484229327},48.676094,2.3520556,False
Pernety,{264712433},48.8339551,2.3180764,False
Viarmes,{3569127251},49.1168467,2.3685019,False
MAIRIE,{1616103854},48.9354372,2.3322231,True
JACQUES PREVERT,{1616874026},48.9708739,2.3660268,True
La Fourche,{261612240},48.8874127,2.3256961,False
Grand Bourg,{3586005908},48.6480745,2.4359578,False
Jasmin,{260767426},48.8525598,2.2681802,False
Porte Dauphine,{243496729},48.8713568,2.2778112,False
Sarcelles — Saint-Brice,{2515585658},48.9957538,2.3686053,False
Verneuil-l'Étang,{3530739023},48.6445621,2.8247684,False
Kléber,{260765385},48.871677,2.2935098,False
Valmondois,{3571582393},49.0916952,2.2021548,False
Barbès - Rochechouart,{1480535477},48.8837741,2.3495359,False
Presles-Courcelles,{2508913554},49.1135126,2.2878349,False
GARE DE VILLIERS SUR MARNE PLESSIS TREVISE,{3546758136},48.8232512,2.542552,True
Pelleport,{264796182},48.8680997,2.4013152,False
Porte d'Auteuil,{264535735},48.8477655,2.2583922,False
Goncourt,{264591604},48.8700162,2.3710617,False
Billancourt,{355153536},48.8317277,2.2373655,False
Les Sablons,{27362238},48.8812535,2.2714648,False
JEAN MOULIN,{1775401068},48.824703,2.3188779,True
Angerville,{1374040173},48.3112062,2.0034931,False
DELPHINE SEYRIG,{2799009827},48.8938409,2.3977511,True
GARE DE LAPLACE,{2156465759},48.8078599,2.3337534,True
Brétigny-sur-Orge,{3484287062},48.6068032,2.3020586,False
Mairie de Clichy,{261611470},48.9038952,2.3053664,False
Chartrettes,{504590872},48.4870771,2.6950059,False
Exelmans,{260767429},48.8430044,2.2600472,False
Vaugirard,{244494486},48.8395785,2.3012923,False
Porchefontaine,{3497428994},48.7967207,2.1534027,False
Les Saules,{3531041775},48.7454842,2.4174857,False
LES MILONS,{318534519},48.8498416,2.2212274,True
Vavin,{264526095},48.8422001,2.3289987,False
Mairie de Montrouge,{2188235051},48.8183938,2.319355,False
Porte de L'Essonne,{1806109216},48.7148721,2.3721698,True
Thomery,{3571536293},48.3943179,2.7640013,False
GARE DE FREINVILLE SEVRAN,{252136676},48.9265328,2.5191432,True
Orangis - Bois de l'Épine,{3580682708},48.6363546,2.4077455,False
Rambuteau,{264592424},48.861784,2.3537812,False
Duroc,{245250755},48.8468543,2.3166512,False
BRANCION,{1777319429},48.8286669,2.3008638,True
GARE DU PARC DE ST MAUR,{739096643},48.805247,2.486022,True
GARE DE SUCY BONNEUIL,{786283681},48.7711206,2.5081985,True
GARE DE LA VARENNE CHENNEVIERES,{1354328627},48.794489,2.513307,True
GARE DE CHAMPIGNY,{1351396198},48.8074477,2.5091697,True
GARE DE ST MAUR CRETEIL,{1860385899},48.806815,2.471445,True
Le Coudray Montceaux,{248434902},48.5661679,2.4924649,False
Montgeron - Crosne,{622397267},48.7082188,2.4622774,False
Montereau,{562866213},48.3793701,2.9426643,False
Gare de Cergy Préfecture,{2320446018},49.036555,2.079414,True
Viroflay Rive Droite,{3546739002},48.8054869,2.1683148,False
PORTE D'ISSY,{318674782},48.8318954,2.2810632,True
Louveciennes,{2504455996},48.8612084,2.1230773,False
Créteil Université,{300869611},48.7899066,2.4504803,False
Bécon-les-Bruyères,{564684456},48.905526,2.268589,False
Louvres,{3497428593},49.0496573,2.5018967,False
Aéroport Orly Sud,{1806109232},48.7297182,2.3681832,True
GARE DE NOISY CHAMPS,{195306266},48.8427731,2.5790492,True
AUBER,{354969611},48.8723107,2.3297051,True
Mabillon,{260079322},48.8526872,2.3350116,False
LA COURNEUVE 8 MAI 1945,{270244850},48.9207587,2.4107677,True
Nemours-Saint-Pierre,{251307982},48.267822,2.6855916,False
Houdan,{3587931682},48.7960061,1.6027597,False
Boissy L'Aillerie,{2214911851},49.0757893,2.0251092,False
Château d'Eau,{264512252},48.8728976,2.3562552,False
Voltaire,{256895321},48.858158,2.3798044,False
Gare de vaucresson,{415275831},48.8367938,2.1525621,True
La Ferté-Alais,{295984594},48.4847616,2.3517701,False
GARE DE JOINVILLE LE PONT,{1851593555},48.8210037,2.463862,True
Gare de Bures sur Yvette,{117982574},48.695672,2.163126,True
GARE DE ST NOM LA BRETECHE FORET DE MARLY,{2504456000},48.8673635,2.0512821,True
Europe,{1981222779},48.878752,2.3221853,False
Musée d'Orsay,{2379542204},48.8605833,2.3261037,False
MARCHE DE ST DENIS,{2283276677},48.9385745,2.3558735,True
BELVEDERE,{318536130},48.8759807,2.2259596,True
GARE DE ROSNY SOUS BOIS,{3572284631},48.8704041,2.4858338,True
Pantin,{330020300},48.8979517,2.4004902,False
Nangis,{457951478},48.5613555,3.012598,False
Saint-Georges,{264504832},48.8784508,2.3374732,False
Château Rouge,{264507100},48.8873363,2.3497063,False
Bréguet-Sabin,{264769296},48.8566177,2.3705298,False
GARE D'EVRY COURCOURONNES,{292422756},48.6259877,2.4289083,True
LES COTEAUX,{318535652},48.8573704,2.2205967,True
Opéra,{243510336},48.8707435,2.3324176,False
GARE DE NANTERRE PREFECTURE,{471542184},48.8959504,2.2228405,True
GARE DE GRIGNY CENTRE,{323213982},48.6542503,2.3963647,True
Limay,{599317349},48.9842694,1.7471746,False
Mairie de Vélizy,{3548530072},48.7804205,2.1915292,True
GARE DE STADE DE FRANCE ST DENIS,{317523333},48.9177608,2.3504575,True
GARE DE FONTAINE MICHALON,{1141496059},48.7435241,2.2965843,True
Meulan - Hardricourt,{3580959293},49.0057677,1.9018788,False
Sortie 2 place de la Gare,{3709237404},48.7710136,2.5082044,False
SEVERINE,{2799009882},48.8675037,2.4089847,True
GARE DE ST GERMAIN EN LAYE BEL AIR FOURQUEUX,{2670874948},48.8946352,2.0699414,True
Mareil-sur-Mauldre,{631758867},48.8936804,1.8715159,False
Porte de Charenton,{264491320},48.8322556,2.3989811,True
GILBERT BONNEMAISON,{3349823225},48.9554364,2.3078706,True
Ternes,{838533003},48.8782019,2.2991235,False
Osny,{3580369650},49.0630108,2.0577556,False
Souppes-sur-Loing - Château-Landon,{2072671134},48.1817602,2.7349626,False
Vaneau,{473070143},48.8491398,2.3218984,False
Champ de Mars - Tour Eiffel,{3414141478},48.8567083,2.2897559,False
Pont Cardinet,"{26721276, 3530939196}",48.8880508,2.3137804,False
GARE DE VERSAILLES CHATEAU - RIVE GAUCHE,{2489176454},48.8002576,2.129185,True
Saint-François-Xavier,{245250758},48.8514,2.3143901,False
Montigny - Beauchamp,{3497428693},49.0074443,2.1975369,False
SIX ROUTES - TRAMWAY,{2283276654},48.9299836,2.384765,True
Évry Val de Seine,{3533463459},48.6345313,2.4522217,False
LES MOULINEAUX,{280725613},48.8214213,2.2510383,True
La Varenne - Chennevières - sortie 1 avenue du Mesnil,{1864937379},48.794237,2.5131134,False
GARE DE LA GARENNE COLOMBES,{301560961},48.9096757,2.2397001,True
Meudon,{2986079268},48.8148366,2.2409835,False
La Ferté-sous-Jouarre,{3496470193},48.9508982,3.1254327,False
Cernay,{395034985},48.9851704,2.2570082,False
DIDOT,{1775401059},48.825938,2.3133067,True
Maraîchers,{256441194},48.8526992,2.4061094,False
Persan - Beaumont,{3580086193},49.1478544,2.2782258,False
Garancières - La Queue,{912942221},48.8104516,1.7646882,False
La Verrière,{105446942},48.7552875,1.9434721,False
Gargenville,{578323945},48.982974,1.8089304,False
Lagny - Thorigny,{474616368},48.8818965,2.7043616,False
Épinay-sur-Seine,{3496470094},48.9541894,2.3024122,False
La Courneuve 8 Mai 1945,"{2283276538, 2283276462}",48.920804,2.4105599,False
BASILIQUE DE SAINT-DENIS,{317532205},48.9380021,2.3608471,True
Champbenoist Poigny,{2704410006},48.5454579,3.2870574,False
Le Perray-en-Yvelines,{2471820348},48.6932024,1.8565571,False
Rue Saint-Maur,{243507789},48.864302,2.3794597,False
Aubervilliers - Pantin - Quatre Chemins,{270244436},48.9036279,2.3922499,False
Saint-Sulpice,{324352448},48.8510924,2.3307543,False
Porte de Pantin,{264772861},48.8885434,2.3927045,False
Porte de la Chapelle,{264505930},48.8977084,2.3592969,True
Chambly,{1942853791},49.1634685,2.2403565,False
Montparnasse-Bienvenüe,"{1805529567, 324363999}",48.8439859,2.3243283,False
GARE DE SURESNES MONT VALERIEN,{2504456001},48.8715902,2.2209422,True
Égly,{3484326014},48.5825234,2.2225767,False
Denfert Rochereau,{21310914},48.8330952,2.3331622,True
Porte de Clignancourt,{1780486821},48.8975316,2.3446684,False
Mantes-Station,{1729433468},48.9836244,1.7153276,False
GARE DE MONTREUIL,{369682932},48.8065022,2.151066,True
MOULIN VERT,{1883637788},48.7720542,2.3677924,True
GARE DE VILLEPINTE,{3547226790},48.9629265,2.5124428,True
DELAUNAY - BELLEVILLE,{2712192222},48.9454984,2.3472881,True
Chaville-Rive-Gauche,{314890192},48.8047851,2.1885117,False
Trappes,{290884174},48.77477,2.0064226,False
GARE D'OZOIR LA FERRIERE,{2509653764},48.7707933,2.690236,True
Triel-sur-Seine,{90710882},48.9810225,2.0060555,False
GASTON ROULAUD,{2283276545},48.9141011,2.4312653,True
Place des Fêtes,{2066461402},48.8767737,2.3935636,False
Vigneux-sur-Seine,{475561228},48.7082768,2.4144646,False
PARC ANDRE MALRAUX,{1973502734},48.7998644,2.2819269,True
Quai de la Gare,{235374383},48.8370762,2.3729066,False
Place d'Italie,{235371392},48.8313959,2.3557122,False
Cadet,{264780947},48.8759424,2.3443098,False
Saint-Paul,{27371867},48.8552929,2.3607072,False
PORTE D'IVRY,{472985884},48.8216697,2.3693224,True
DESNOUETTES,{1785131570},48.8343535,2.2840257,True
Villiers-Neauphle-Pontchartrain,{441554552},48.8153542,1.8773683,False
Montsoult - Maffliers,{2513105230},49.0660153,2.3225994,False
PORTE DE RUNGIS,{1883637811},48.7526422,2.3555827,True
GARE DE VERT GALANT,{3569510297},48.9444218,2.5667973,True
LE VILLAGE,{1810231879},48.933378,2.2948343,True
GARE DE NOGENT SUR MARNE,{1344112356},48.8351671,2.4718177,True
Châtillon - Montrouge,{2954434593},48.8105815,2.3003391,False
Lycée Henry  Sellier,{317556145},48.9160488,2.5150834,True
VELIZY 2,{3611373656},48.7849806,2.2198845,True
Bouray-sur-Juine,{3484287061},48.5332249,2.2903726,False
Domont,{2513105226},49.0327734,2.3377457,False
Les Courtilles,{1810231873},48.930134,2.2835455,False
Bérault,{241928758},48.8454354,2.4293269,False
ALCIDE D'ORBIGNY,{1616873999},48.9658507,2.3636194,True
Main Street Station,{258856843},48.8707954,2.7791221,False
Champ de courses d'Enghien,{57821640},48.9795283,2.2921459,False
Dammartin-Juilly-St-Mard,{316883910},49.0321356,2.6990443,False
Saint-Gratien,{2355083137},48.96385,2.285292,False
Frépillon,{1237374416},49.0461952,2.1970113,False
Nationale,{235371394},48.8331986,2.3628553,False
GARE DE NOISY LE ROI,{2670874947},48.8413126,2.0614599,True
Chaville - Vélizy,{3497428293},48.7995626,2.1841134,False
Gros Noyer - Saint-Prix,{90700748},48.9963307,2.2594889,False
Aéroport CDG Terminal 3 - Roissypole,{481046182},49.0098755,2.5613951,True
Wagram,{243510679},48.8840549,2.3037368,False
Jaurès,{1997722992},48.8825949,2.3703263,False
Maule,{634514050},48.9092899,1.8572684,False
PORTE DE LA VILLETTE,{264778142},48.8974039,2.385591,True
Bessancourt,{2578531606},49.0357129,2.209851,False
Maubert Mutualité,{260078619},48.8499051,2.348746,False
L'Étang-la-Ville,{2504455993},48.8681426,2.0768327,False
PONT DE BONDY,{2285335319},48.9046948,2.469892,True
ELLA FITZGERALD - GRANDS MOULINS DE PANTIN,{2799009830},48.8974255,2.3949836,True
Saint-Denis-Université,{331524254},48.9459311,2.3641518,False
GARE DE RUNGIS LA FRATERNELLE,{3531066587},48.7404828,2.3529205,True
POTERNE DES PEUPLIERS,{1773421166},48.8208539,2.350711,True
GARE D'ACHERES VILLE,{2320446016},48.9702027,2.0777351,True
DANTON,{2283276581},48.9226717,2.4066284,True
Villeneuve Triage,{3547307365},48.7451504,2.4383471,False
Charenton-Écoles,{300877457},48.8214689,2.4136458,False
GARE DE MONTFORT L'AMAURY MERE,{3580939294},48.8027385,1.8154817,True
Parc Pr,{481046175},49.0089821,2.5447882,True
Dourdan-la-Forêt,{3484326011},48.5354041,1.9953841,False
Bellevue,{1048688696},48.818969,2.2295628,False
Bastille,"{1584432760, 264480619, 27371876}",48.8520122,2.3686542,False
Epinay-Villetaneuse,{583527829},48.9581553,2.3283815,False
Goussainville,{3497428393},49.0240732,2.4632464,False
Garibaldi,{265060965},48.9061915,2.3320476,False
GARE DE LOGNES,{299463295},48.8391017,2.6336867,True
Danube,{264794354},48.8819551,2.3933641,False
Villabé,{482515811},48.5928817,2.4614421,False
CENTRE DE CHATILLON,{2706029289},48.8046632,2.2897911,True
Hôpital Béclère,{2175148208},48.7867646,2.2546073,True
Picpus,{264490283},48.8450642,2.4010776,False
La Norville - Saint-Germain-lès-Arpajon,{3484287063},48.5916376,2.2672615,False
Courcelles,{2066488458},48.8793865,2.3043786,False
Versailles Chantiers,{3497428295},48.7954436,2.1360379,False
